"word","n"
"data",1510
"experience",1218
"science",849
"degree",628
"level",522
"position",492
"learning",431
"mathematics",428
"computer",427
"statistical",415
"relevant",394
"analysis",353
"advanced",349
"machine",345
"considered",337
"statistics",336
"information",319
"skills",292
"e.g",280
"related",271
"business",266
"engineering",249
"courses",234
"college",224
"technical",222
"ability",220
"analytics",220
"team",216
"intelligence",214
"programming",214
"algorithms",206
"apply",201
"basic",198
"research",193
"applied",190
"models",190
"5",189
"applicants",187
"strong",186
"field",185
"techniques",184
"mining",181
"employment",180
"analytical",177
"python",173
"status",173
"math",172
"qualifications",171
"artificial",156
"range",155
"salary",150
"typically",146
"modeling",145
"solutions",145
"disability",143
"candidates",136
"software",136
"opportunity",134
"based",131
"note",130
"operations",129
"knowledge",125
"sql",123
"product",122
"projects",120
"equal",119
"national",119
"application",118
"systems",118
"2",117
"complex",115
"time",115
"employer",111
"provided",108
"minimum",107
"gender",104
"organization",104
"tools",103
"scientist",102
"life",101
"meet",101
"physical",101
"veteran",100
"environment",99
"preferred",98
"required",98
"sciences",97
"develop",96
"manager",96
"education",95
"hiring",94
"requirement",94
"social",94
"engineers",93
"technology",93
"development",92
"entry",91
"individuals",91
"dcips",90
"design",90
"nsa",90
"physics",90
"company",87
"designing",86
"bachelor's",85
"including",85
"implementing",84
"quantitative",84
"teams",84
"training",84
"orientation",83
"sexual",83
"united",83
"job",82
"race",82
"accredited",81
"religion",81
"hard",80
"includes",80
"qualified",80
"results",80
"scale",80
"biology",79
"color",79
"degrees",79
"listed",79
"offers",79
"origin",79
"predictive",79
"university",79
"1",78
"disciplines",78
"management",78
"understanding",78
"coursework",77
"identity",77
"behavioral",76
"depth",76
"protected",76
"world",76
"account",75
"chemistry",75
"communication",75
"concentration",75
"i.e",75
"people",75
"proficiency",75
"analyses",74
"broader",74
"certificate",74
"expertise",74
"intended",74
"structures",74
"upper",74
"200",73
"acceptable",73
"algebra",73
"calculus",73
"solve",73
"accompanied",72
"associate's",72
"astronomy",72
"count",72
"designated",72
"differential",72
"discrete",72
"elementary",72
"equations",72
"effectively",70
"4",69
"driven",69
"mathematical",69
"methods",69
"insights",68
"process",68
"processing",67
"receive",67
"security",67
"submit",67
"capable",66
"deep",66
"sets",66
"technologies",66
"communicate",65
"master's",65
"requirements",65
"sex",65
"build",64
"languages",64
"marketing",64
"provide",64
"law",63
"building",62
"medium",62
"performance",62
"hadoop",61
"industry",61
"learn",61
"products",61
"developing",60
"solving",60
"assistance",59
"benefits",59
"eeo",59
"series",59
"doctoral",57
"excellent",57
"familiarity",57
"optimization",57
"regard",57
"regression",57
"stakeholders",57
"3",56
"age",56
"analytic",55
"dod",55
"drive",55
"external",55
"testing",55
"audiences",54
"interpersonal",54
"system",54
"coding",53
"fields",53
"services",53
"background",52
"customer",52
"datasets",52
"employees",52
"language",52
"impact",51
"program",51
"cross",50
"hands",50
"professional",50
"analyze",49
"create",49
"americas",48
"analysts",48
"consideration",48
"ed",48
"internal",48
"ms",48
"scientists",48
"selection",47
"diversity",46
"service",46
"spark",46
"support",46
"10",45
"applying",45
"ideal",45
"model",45
"poster",45
"view",45
"economics",44
"experiences",44
"health",44
"cookies",43
"critical",43
"desire",43
"equivalent",43
"multiple",43
"functional",42
"google",42
"veterans",42
"professionals",41
"accordance",40
"citizenship",40
"defined",40
"focus",40
"innovative",40
"positions",40
"prior",40
"role",40
"written",40
"8",39
"decision",39
"documents",39
"passion",39
"preference",39
"request",39
"approaches",38
"eligibility",38
"ad",37
"button",37
"decisions",37
"diverse",37
"personnel",37
"posting",37
"talent",37
"visualization",37
"1601",36
"2108",36
"applicable",36
"civilian",36
"community",36
"defense",36
"examination",36
"excepted",36
"experimental",36
"key",36
"questions",36
"reasonable",36
"section",36
"summary",36
"title",36
"u.s.c",36
"usc",36
"analyst",35
"applications",35
"computational",35
"day",35
"forecasting",35
"improve",35
"legally",35
"concepts",34
"expert",34
"hive",34
"innovation",34
"phd",34
"policy",34
"user",34
"6",33
"committed",33
"digital",33
"love",33
"marital",33
"test",33
"writing",33
"collaborate",32
"contribute",32
"demonstrated",32
"events",32
"medical",32
"project",32
"quality",32
"success",32
"7",31
"assist",31
"cloud",31
"collaborative",31
"customers",31
"ensure",31
"flexible",31
"internship",31
"proficient",31
"sources",31
"supply",31
"thinking",31
"basis",30
"candidate",30
"chain",30
"cutting",30
"disabilities",30
"edge",30
"identify",30
"integrity",30
"join",30
"laws",30
"leadership",30
"ml",30
"site",30
"complete",29
"growth",29
"java",29
"opportunities",29
"proven",29
"providing",29
"senior",29
"depending",28
"directly",28
"drug",28
"executives",28
"findings",28
"manipulating",28
"multivariate",28
"partners",28
"sas",28
"scientific",28
"successful",28
"tableau",28
"accept",27
"accommodation",27
"agency",27
"care",27
"contact",27
"difference",27
"eligible",27
"enhance",27
"explain",27
"future",27
"procedures",27
"real",27
"action",26
"communicating",26
"define",26
"encourage",26
"feel",26
"partner",26
"platform",26
"processes",26
"recommendations",26
"risk",26
"schedule",26
"simulation",26
"subject",26
"trees",26
"u.s",26
"understand",26
"completing",25
"date",25
"email",25
"experts",25
"fast",25
"finance",25
"hoc",25
"investigation",25
"linear",25
"microsoft",25
"million",25
"perform",25
"regulations",25
"search",25
"standards",25
"teamwork",25
"top",25
"accessibility",24
"accommodations",24
"completed",24
"completion",24
"core",24
"database",24
"excel",24
"graduate",24
"hear",24
"hr",24
"mentoring",24
"natural",24
"pricing",24
"privacy",24
"production",24
"random",24
"rigorous",24
"serve",24
"shape",24
"verbal",24
"vision",24
"website",24
"workplace",24
"world's",24
"algorithmic",23
"ancestry",23
"assisting",23
"challenges",23
"clustering",23
"continuing",23
"databases",23
"due",23
"ebay",23
"es",23
"expression",23
"handling",23
"intermediate",23
"metrics",23
"network",23
"online",23
"oriented",23
"practices",23
"proud",23
"respond",23
"resume",23
"scope",23
"strongly",23
"transformation",23
"we’d",23
"willingness",23
"11",22
"50",22
"appreciation",22
"ce",22
"companies",22
"describe",22
"effort",22
"highly",22
"infrastructure",22
"parametric",22
"passionate",22
"polygraph",22
"practical",22
"responses",22
"roles",22
"sample",22
"supervision",22
"topics",22
"unable",22
"units",22
"9",21
"agree",21
"assistive",21
"browse",21
"coaching",21
"complicated",21
"credit",21
"deliver",21
"ebay.com",21
"evaluating",21
"fellow",21
"fit",21
"healthcare",21
"heuristic",21
"implementation",21
"incompatible",21
"info",21
"nlp",21
"pay",21
"pipelines",21
"problemsqualifications",21
"responsible",21
"supplement",21
"unstructured",21
"variables",21
"volume",21
"acquired",20
"americans",20
"begin",20
"categorical",20
"click",20
"closing",20
"columns",20
"communications",20
"components",20
"continued",20
"creating",20
"director",20
"executive",20
"friday",20
"glassdoorindeedindeed",20
"mission",20
"mutual",20
"placement",20
"previously",20
"reporting",20
"sales",20
"san",20
"seek",20
"specialties",20
"storyteller",20
"stratification",20
"supervising",20
"technically",20
"variety",20
"vermont",20
"actionable",19
"affirmative",19
"aws",19
"clicking",19
"code",19
"codes",19
"consistent",19
"contingent",19
"culture",19
"determining",19
"effective",19
"independently",19
"leading",19
"located",19
"passing",19
"persistence",19
"platforms",19
"qualification",19
"reasoning",19
"result",19
"reviewing",19
"scalable",19
"shopping",19
"spam",19
"storing",19
"0800",18
"107,140",18
"12564",18
"134,789",18
"1400.25",18
"148,967",18
"164,200",18
"1800",18
"2005",18
"300",18
"69,545",18
"80,445",18
"86,659",18
"96,970",18
"abides",18
"advertising",18
"analyzing",18
"appointment",18
"authority",18
"claiming",18
"close",18
"configured",18
"confirmation",18
"contacted",18
"continual",18
"creative",18
"detail",18
"determinations",18
"developmental",18
"disclaimer",18
"earlier",18
"elaborate",18
"emails",18
"entered",18
"failure",18
"filters",18
"implement",18
"improvement",18
"inaccurate",18
"innovations",18
"instruction",18
"intelligencecareers.gov",18
"intern",18
"mandatory",18
"monday",18
"motivated",18
"noreply",18
"nsa's",18
"paced",18
"pertain",18
"protect",18
"record",18
"reqs",18
"screening",18
"selectee",18
"sufficient",18
"tenacity",18
"verifying",18
"abilities",17
"agile",17
"career",17
"classification",17
"competitive",17
"existing",17
"francisco",17
"free",17
"include",17
"influence",17
"lead",17
"manage",17
"office",17
"pursuing",17
"responsibilities",17
"scala",17
"scripting",17
"similar",17
"track",17
"unique",17
"you’ll",17
"additional",16
"ai",16
"autodesk",16
"bring",16
"clients",16
"discipline",16
"discriminate",16
"form",16
"genetic",16
"ideas",16
"live",16
"makes",16
"methodologies",16
"networks",16
"oral",16
"power",16
"requires",16
"tensorflow",16
"thrive",16
"users",16
"attention",15
"backgrounds",15
"california",15
"change",15
"closely",15
"computing",15
"control",15
"criminal",15
"desired",15
"distributed",15
"ecommerce",15
"financial",15
"global",15
"grow",15
"individual",15
"insurance",15
"largest",15
"market",15
"masters",15
"months",15
"optimize",15
"revenue",15
"rider",15
"source",15
"structured",15
"trends",15
"achieve",14
"ads",14
"characteristic",14
"dashboards",14
"delivery",14
"employee",14
"enrolled",14
"essential",14
"experiments",14
"extensive",14
"fair",14
"familiar",14
"feature",14
"focused",14
"frameworks",14
"histories",14
"inclusive",14
"interns",14
"issues",14
"legal",14
"leverage",14
"master’s",14
"mental",14
"offer",14
"packages",14
"presentation",14
"rapidly",14
"strategic",14
"tasks",14
"100",13
"client",13
"conduct",13
"domain",13
"family",13
"goals",13
"inference",13
"levels",13
"manner",13
"matlab",13
"neural",13
"performing",13
"quickly",13
"reports",13
"retail",13
"slack",13
"solution",13
"strategy",13
"term",13
"we’re",13
"12",12
"3.0",12
"academic",12
"access",12
"bachelor’s",12
"behavior",12
"brands",12
"broad",12
"businesses",12
"chance",12
"dental",12
"efforts",12
"environments",12
"exceptional",12
"experimentation",12
"features",12
"federal",12
"function",12
"leave",12
"libraries",12
"location",12
"media",12
"millions",12
"package",12
"perks",12
"planning",12
"plans",12
"relational",12
"tech",12
"twitter",12
"walmart",12
"world’s",12
"write",12
"you’re",12
"accuracy",11
"addition",11
"bayesian",11
"capabilities",11
"clinical",11
"consumers",11
"creativity",11
"direction",11
"engagement",11
"enterprise",11
"functions",11
"google's",11
"gpa",11
"initiatives",11
"lives",11
"local",11
"mapreduce",11
"meaningful",11
"measure",11
"minds",11
"organizational",11
"paid",11
"participate",11
"pregnancy",11
"presentations",11
"querying",11
"segmentation",11
"stack",11
"student",11
"targeting",11
"undergraduate",11
"activities",10
"address",10
"azure",10
"balance",10
"bioinformatics",10
"changing",10
"cleaning",10
"collaboration",10
"comprehensive",10
"consumer",10
"continuous",10
"delivering",10
"deploying",10
"description",10
"econometrics",10
"enable",10
"evolve",10
"fun",10
"functionally",10
"huge",10
"inform",10
"international",10
"intersection",10
"objectives",10
"ongoing",10
"pandas",10
"person",10
"powerpoint",10
"preferably",10
"programs",10
"records",10
"retailer",10
"set",10
"solid",10
"special",10
"specific",10
"strategies",10
"successfully",10
"text",10
"wide",10
"advance",9
"affiliation",9
"answer",9
"approach",9
"architecture",9
"arrest",9
"automation",9
"bachelor",9
"bi",9
"brain",9
"careers",9
"causal",9
"characteristics",9
"class",9
"connected",9
"conviction",9
"educational",9
"efficiency",9
"energy",9
"git",9
"goal",9
"identifying",9
"independent",9
"leveraging",9
"linux",9
"master",9
"mine",9
"modern",9
"money",9
"nature",9
"ordinances",9
"ph.d",9
"political",9
"possess",9
"recruiting",9
"resources",9
"save",9
"school",9
"scikit",9
"send",9
"share",9
"staples",9
"starter",9
"stem",9
"supporting",9
"tests",9
"tool",9
"translating",9
"validation",9
"visualizations",9
"web",9
"amazing",8
"automated",8
"benefit",8
"brightest",8
"bs",8
"comfortable",8
"common",8
"communicator",8
"compensation",8
"construction",8
"cost",8
"custom",8
"dedicated",8
"descriptive",8
"detection",8
"developed",8
"don’t",8
"driving",8
"efficiently",8
"electrical",8
"evaluate",8
"execution",8
"exploration",8
"exposure",8
"finish",8
"fortive",8
"gathering",8
"generation",8
"generous",8
"graduation",8
"human",8
"hypothesis",8
"ibm",8
"illegal",8
"innovating",8
"integration",8
"keras",8
"leaders",8
"limited",8
"locations",8
"manipulation",8
"merchandising",8
"mission.position",8
"mixed",8
"mode",8
"multi",8
"numpy",8
"ordinance",8
"patterns",8
"personal",8
"plan",8
"play",8
"player",8
"queries",8
"reimagining",8
"relationships",8
"require",8
"running",8
"sap",8
"shared",8
"translate",8
"u'll",8
"u’ll",8
"800",7
"acquisition",7
"adobe",7
"algorithm",7
"apache",7
"art",7
"authorized",7
"behaviors",7
"brings",7
"campaign",7
"celebrate",7
"challenging",7
"cisco",7
"collect",7
"collection",7
"complexity",7
"compliance",7
"connect",7
"country",7
"curious",7
"cycle",7
"daily",7
"demands",7
"designed",7
"desirable",7
"documentation",7
"draw",7
"drives",7
"dynamic",7
"effectiveness",7
"excited",7
"experienced",7
"explore",7
"finding",7
"follow",7
"frame",7
"generating",7
"home",7
"hours",7
"improving",7
"industrial",7
"initiative",7
"interpret",7
"interview",7
"it’s",7
"javascript",7
"knowing",7
"leader",7
"letter",7
"li",7
"line",7
"major",7
"managers",7
"matter",7
"monitor",7
"nosql",7
"objective",7
"operate",7
"optimizing",7
"outcomes",7
"past",7
"perspectives",7
"pig",7
"pipeline",7
"policies",7
"post",7
"prioritize",7
"prototype",7
"provider",7
"psychology",7
"pytorch",7
"recent",7
"reduction",7
"review",7
"rigor",7
"seeking",7
"setting",7
"simple",7
"sophisticated",7
"standard",7
"statement",7
"studies",7
"supports",7
"talented",7
"theory",7
"tracking",7
"transform",7
"travel",7
"trusted",7
"underlying",7
"usage",7
"vary",7
"verify",7
"visa",7
"weeks",7
"wellness",7
"women",7
"401k",6
"actuarial",6
"amazon",6
"assigned",6
"authorization",6
"availability",6
"casual",6
"catered",6
"challenge",6
"clean",6
"cluster",6
"colleagues",6
"conclusions",6
"condition",6
"content",6
"contributor",6
"coverage",6
"creed",6
"cumulative",6
"current",6
"deadlines",6
"deploy",6
"deployment",6
"derive",6
"details",6
"develops",6
"distributions",6
"ecosystem",6
"efficient",6
"emphasis",6
"empower",6
"encouraged",6
"engineer",6
"enhancing",6
"entertainment",6
"etsy",6
"evaluation",6
"excellence",6
"expect",6
"facing",6
"feedback",6
"fluency",6
"fortune",6
"forward",6
"friendly",6
"fundamentals",6
"govini",6
"growing",6
"hire",6
"inclusion",6
"innovate",6
"interact",6
"letters",6
"list",6
"lunch",6
"managing",6
"massive",6
"matching",6
"measurement",6
"methodology",6
"mobile",6
"move",6
"offices",6
"operating",6
"organizations",6
"party",6
"pattern",6
"peers",6
"portfolio",6
"positive",6
"potential",6
"presto",6
"primary",6
"principles",6
"priorities",6
"producing",6
"progress",6
"pto",6
"publications",6
"purpose",6
"pursuant",6
"rapid",6
"reduce",6
"regular",6
"reliability",6
"resumes",6
"rides",6
"scenarios",6
"skill",6
"smart",6
"space",6
"sports",6
"storage",6
"strive",6
"students",6
"succeed",6
"taking",6
"thinker",6
"timely",6
"transactional",6
"transforming",6
"vacation",6
"validate",6
"values",6
"version",6
"visit",6
"visual",6
"voice",6
"week",6
"2019",5
"40",5
"accenture",5
"active",5
"acumen",5
"add",5
"adoption",5
"affect",5
"agencies",5
"alongside",5
"ambiguous",5
"architectures",5
"array",5
"assess",5
"attribution",5
"audience",5
"average",5
"bachelors",5
"beautiful",5
"bonus",5
"brand",5
"built",5
"charts",5
"colorado",5
"commerce",5
"commitment",5
"communities",5
"commuter",5
"consulting",5
"contacts",5
"continuously",5
"contributions",5
"creates",5
"creation",5
"creatively",5
"criteo",5
"dashboard",5
"dexcom",5
"dimensionality",5
"eager",5
"emerging",5
"engage",5
"ensuring",5
"equity",5
"event",5
"exciting",5
"experiment",5
"extract",5
"flow",5
"flowers.com",5
"flows",5
"fundamental",5
"game",5
"gap",5
"ge",5
"google’s",5
"government",5
"helping",5
"https",5
"image",5
"immigration",5
"increase",5
"informed",5
"instart",5
"integrate",5
"interface",5
"internships",5
"involving",5
"issue",5
"jupyter",5
"kafka",5
"knowledgeable",5
"leads",5
"lifecycle",5
"logistic",5
"lunches",5
"maintaining",5
"manufacturing",5
"map",5
"match",5
"measures",5
"micro",5
"mind",5
"monitoring",5
"ngs",5
"north",5
"object",5
"offline",5
"olympics",5
"outings",5
"papers",5
"participates",5
"path",5
"payment",5
"personality",5
"personalization",5
"predicting",5
"prediction",5
"preparation",5
"query",5
"quick",5
"ready",5
"recognition",5
"recommend",5
"redshift",5
"reference",5
"researchers",5
"roadmap",5
"robust",5
"roi",5
"shop",5
"significant",5
"snacks",5
"specifically",5
"sponsorship",5
"staff",5
"start",5
"startup",5
"stitch",5
"stock",5
"study",5
"summer",5
"supervised",5
"team’s",5
"tree",5
"uber",5
"unix",5
"utilizing",5
"washington",5
"word",5
"workforce",5
"york",5
"24",4
"401",4
"90",4
"ab",4
"advertisers",4
"ago",4
"amounts",4
"answers",4
"architects",4
"ascensus",4
"attending",4
"ba",4
"biggest",4
"billion",4
"blue",4
"call",4
"cambia",4
"capacity",4
"carefully",4
"category",4
"center",4
"check",4
"collaborating",4
"command",4
"compute",4
"conducting",4
"continue",4
"coordinate",4
"costs",4
"countries",4
"craft",4
"deepening",4
"deliverables",4
"designs",4
"detailed",4
"determine",4
"developer",4
"discover",4
"discriminated",4
"discuss",4
"disparate",4
"division",4
"docker",4
"drugs",4
"duties",4
"ec2",4
"employ",4
"engaging",4
"enjoy",4
"entire",4
"entrepreneurial",4
"establish",4
"ethnicity",4
"evaluated",4
"eventbrite",4
"exam",4
"execute",4
"exploratory",4
"extracting",4
"extraction",4
"facilitate",4
"fashion",4
"fix",4
"forests",4
"framework",4
"games",4
"genetics",4
"geospatial",4
"gordian",4
"grade",4
"graph",4
"guidance",4
"guide",4
"guided",4
"handle",4
"headquartered",4
"holidays",4
"http",4
"hundreds",4
"hypotheses",4
"imagine",4
"incredible",4
"insight",4
"integrated",4
"intelligent",4
"johnson",4
"journey",4
"lake",4
"launch",4
"longitudinal",4
"m.s",4
"mail",4
"maintain",4
"marketplace",4
"markets",4
"maximize",4
"means",4
"measuring",4
"meeting",4
"metagenomic",4
"microbial",4
"mindset",4
"minimal",4
"minorities",4
"modelling",4
"notebook",4
"operates",4
"operational",4
"option",4
"oracle",4
"outstanding",4
"parallel",4
"parties",4
"pass",4
"personalized",4
"pivot",4
"portland",4
"previous",4
"proactively",4
"prototypes",4
"psychological",4
"public",4
"qa",4
"ranking",4
"recognized",4
"recruitment",4
"redjack",4
"regressions",4
"reliable",4
"relocation",4
"requested",4
"resolve",4
"retirement",4
"rewards",4
"risks",4
"run",4
"sampling",4
"sap.com",4
"satisfaction",4
"savings",4
"screen",4
"select",4
"semi",4
"sense",4
"serving",4
"shaping",4
"shipping",4
"short",4
"simultaneously",4
"solver",4
"spending",4
"spss",4
"squarespace",4
"stocked",4
"story",4
"strategically",4
"streaming",4
"structure",4
"stuff",4
"suitable",4
"superior",4
"supportive",4
"tackling",4
"technologist",4
"texas",4
"theano",4
"tours",4
"train",4
"troubleshooting",4
"unit",4
"unsolicited",4
"unsupervised",4
"visualize",4
"warehousing",4
"we’ll",4
"1,000",3
"15",3
"2017",3
"3rd",3
"500",3
"accepted",3
"accounts",3
"accurate",3
"act",3
"actively",3
"acute",3
"adjust",3
"advantage",3
"advertiser",3
"advisor",3
"afraid",3
"ambiguity",3
"american",3
"amount",3
"annotation",3
"anomalies",3
"anomaly",3
"apis",3
"apple",3
"applies",3
"assessment",3
"assets",3
"assignment",3
"assignments",3
"atlanta",3
"atmosphere",3
"automate",3
"automating",3
"autonomy",3
"beginning",3
"berkley",3
"billions",3
"bing",3
"biostatistics",3
"blog",3
"bmi",3
"boosting",3
"builds",3
"buy",3
"ca",3
"capability",3
"carry",3
"celebrations",3
"central",3
"challenged",3
"channels",3
"city",3
"clearance",3
"combine",3
"comfort",3
"commercial",3
"company’s",3
"comparable",3
"competence",3
"competency",3
"conferences",3
"constantly",3
"context",3
"conversations",3
"corporation",3
"cover",3
"cs",3
"curiosity",3
"cv",3
"days",3
"dealing",3
"debugging",3
"deepen",3
"deeply",3
"defining",3
"definition",3
"delivers",3
"demand",3
"demonstrate",3
"demonstrates",3
"department",3
"detect",3
"developers",3
"devices",3
"direct",3
"disciplinary",3
"discovery",3
"disruptive",3
"doctorate",3
"document",3
"dog",3
"domestic",3
"easily",3
"easy",3
"ee",3
"electricity",3
"elements",3
"embrace",3
"employed",3
"emr",3
"enables",3
"enhancements",3
"equitable",3
"ethics",3
"evolving",3
"examples",3
"exception",3
"executing",3
"expand",3
"expected",3
"extremely",3
"factor",3
"factory",3
"farm",3
"fees",3
"flexibility",3
"food",3
"forefront",3
"formats",3
"formulating",3
"foundational",3
"gain",3
"gained",3
"gaming",3
"generated",3
"genomics",3
"gift",3
"gifts",3
"github",3
"googler",3
"gurobi",3
"hand",3
"hardware",3
"healthy",3
"iconic",3
"id",3
"ideally",3
"identification",3
"illustrate",3
"implications",3
"industries",3
"informatics",3
"inside",3
"insightful",3
"institution",3
"instrumentation",3
"interacting",3
"interfaces",3
"interpretation",3
"interpreting",3
"investigate",3
"keen",3
"kinds",3
"knack",3
"kpi",3
"kubernetes",3
"layer",3
"learned",3
"let’s",3
"llc",3
"maintainable",3
"manipulate",3
"mapping",3
"mattel",3
"mba",3
"mechanisms",3
"meredith",3
"modules",3
"mongodb",3
"munging",3
"music",3
"nice",3
"nights",3
"nltk",3
"oath",3
"obtain",3
"operation",3
"optum",3
"organized",3
"output",3
"owners",3
"parental",3
"patients",3
"perl",3
"pharmacy",3
"phases",3
"postgres",3
"pounds",3
"powerbi",3
"powerful",3
"pre",3
"precision",3
"prepare",3
"prof",3
"promising",3
"proper",3
"prototyping",3
"providers",3
"published",3
"pull",3
"purposes",3
"qualitative",3
"quantity",3
"quo",3
"radical",3
"raw",3
"reach",3
"read",3
"rebuild",3
"recognize",3
"recommender",3
"relevance",3
"remotely",3
"repeatable",3
"report",3
"representative",3
"requirementscurrently",3
"response",3
"rest",3
"retention",3
"retrieval",3
"roadmaps",3
"s3",3
"saas",3
"salaries",3
"scalability",3
"scaling",3
"schedules",3
"scientist's",3
"scipy",3
"scrappy",3
"scripts",3
"scrum",3
"seamlessly",3
"sellers",3
"server",3
"sf",3
"shift",3
"shiny",3
"ship",3
"simplicity",3
"situations",3
"sklearn",3
"slack’s",3
"sm",3
"sound",3
"sparkfund",3
"speed",3
"spotfire",3
"square",3
"stata",3
"stores",3
"stories",3
"subsidiary",3
"summarize",3
"superb",3
"survey",3
"swift",3
"synthesize",3
"table",3
"tables",3
"takes",3
"talentacquisition",3
"talents",3
"talk",3
"teamstrong",3
"technological",3
"telecommunication",3
"ten",3
"teradata",3
"textcompany",3
"theories",3
"thousands",3
"tight",3
"timelines",3
"times",3
"toolkits",3
"topic",3
"total",3
"touches",3
"trade",3
"traffic",3
"transparency",3
"true",3
"trust",3
"type",3
"uber’s",3
"uncover",3
"union",3
"unitedhealth",3
"ux",3
"valuable",3
"variable",3
"varied",3
"vast",3
"vibrant",3
"visionary",3
"visualizing",3
"worldwide",3
"zillow",3
"00",2
"04",2
"18",2
"2,000",2
"2018",2
"247",2
"30",2
"accelerating",2
"accessible",2
"accountability",2
"activity",2
"acts",2
"adapt",2
"adapting",2
"additionally",2
"addressed",2
"administration",2
"administrators",2
"adobe's",2
"advancement",2
"advantages",2
"advise",2
"advocate",2
"affiliate",2
"affordable",2
"agreement",2
"air",2
"airflow",2
"alert",2
"alternative",2
"alteryx",2
"android",2
"annually",2
"app",2
"apparel",2
"approve",2
"approximately",2
"aptitude",2
"aren’t",2
"arrive",2
"articles",2
"articulating",2
"artists",2
"aspects",2
"aspire",2
"assembly",2
"assists",2
"associates",2
"assumptions",2
"attend",2
"attitude",2
"authentic",2
"authorities",2
"automatic",2
"automatically",2
"awareness",2
"bacterial",2
"base",2
"bash",2
"batch",2
"behalf",2
"betting",2
"bigquery",2
"bioinformatic",2
"blood",2
"bookmakers",2
"bowling",2
"break",2
"brighter",2
"bringing",2
"broadly",2
"brunswick",2
"bug",2
"c3",2
"calabasas",2
"camp",2
"campaigns",2
"cannabis",2
"capture",2
"carolina",2
"cart",2
"cassandraknowledge",2
"centers",2
"certification",2
"channel",2
"cheesecake",2
"choices",2
"choose",2
"ci",2
"cigna",2
"cigna.com",2
"cities",2
"classified",2
"cleanchoice",2
"cleansing",2
"climate",2
"coffee",2
"collaboratively",2
"collaborator",2
"combination",2
"combining",2
"comfortably",2
"commensurate",2
"company's",2
"compelling",2
"competencies",2
"competitions",2
"concerns",2
"concise",2
"concisely",2
"conducts",2
"confidential",2
"configuring",2
"confirm",2
"connections",2
"consensus",2
"considers",2
"consolidate",2
"constituents",2
"construed",2
"consultant",2
"consultants",2
"consumed",2
"continually",2
"continues",2
"contract",2
"contractors",2
"contributing",2
"controlled",2
"convert",2
"coordinating",2
"corner",2
"corporate",2
"couchbase",2
"covered",2
"coworkers",2
"created",2
"criteria",2
"critically",2
"crowdsourcing",2
"cultures",2
"curriculum",2
"customersjob",2
"cyber",2
"d3",2
"dallas",2
"dataability",2
"db2",2
"december",2
"dedication",2
"deliverable",2
"demonstrable",2
"detaila",2
"devising",2
"diagnosis",2
"diego",2
"differences",2
"difficult",2
"dimensions",2
"dirty",2
"disrupting",2
"disruption",2
"distill",2
"distribution",2
"dive",2
"django",2
"doers",2
"domo",2
"downtown",2
"drawbacks",2
"draws",2
"dress",2
"druid",2
"duty",2
"dynamics",2
"ecological",2
"edison",2
"electronic",2
"elegant",2
"element",2
"elevate",2
"employing",2
"empowered",2
"energetic",2
"engagements",2
"engine",2
"englewood",2
"english",2
"eoe",2
"equipment",2
"esurance",2
"ethical",2
"ethnicities",2
"etl",2
"everett",2
"everyday",2
"exceptionally",2
"exempt",2
"exercise",2
"expectations",2
"experience.additional",2
"experiencea",2
"experienceadvanced",2
"expertisemust",2
"explaining",2
"explanations",2
"externally",2
"extracts",2
"facilities",2
"families",2
"fastest",2
"feasibility",2
"federations",2
"female",2
"field.company",2
"fieldprojects",2
"firm",2
"fixing",2
"flex",2
"floral",2
"florida",2
"fluent",2
"for:a",2
"for:advanced",2
"forest",2
"forms",2
"fostering",2
"foundations",2
"frameworksability",2
"framing",2
"fraud",2
"freely",2
"friends",2
"fueled",2
"fuels",2
"fulfill",2
"functionalities",2
"functionality",2
"gather",2
"geeks",2
"generate",2
"gensim",2
"geo",2
"georgia",2
"ggplot2",2
"giants",2
"glm",2
"glms",2
"globally",2
"globe",2
"googlers",2
"gpu",2
"gradient",2
"graduates",2
"grasp",2
"groceries",2
"ground",2
"grubhub",2
"guidelines",2
"guiding",2
"h1",2
"hana",2
"happy",2
"harness",2
"harnessing",2
"hbase",2
"headhunter",2
"heavily",2
"here’s",2
"hired",2
"hobbyists",2
"hot",2
"house",2
"hsa",2
"html5",2
"hyper",2
"illinois",2
"illness",2
"images",2
"immersed",2
"impactful",2
"imported",2
"improvements",2
"incentives",2
"incorporated",2
"incorporating",2
"increasing",2
"indemnity",2
"indicators",2
"individually",2
"inferential",2
"infrastructures",2
"ingest",2
"initial",2
"innate",2
"innovators",2
"insights.eo",2
"inspire",2
"instincts",2
"intellectual",2
"intent",2
"interaction",2
"interactions",2
"interactive",2
"interfacing",2
"intuitive",2
"investing",2
"involve",2
"involved",2
"involves",2
"iterations",2
"jersey",2
"journals",2
"joy",2
"js1",2
"judgment",2
"juggle",2
"julia",2
"keysight",2
"kibana",2
"kids",2
"kinesis",2
"kitchen",2
"kitchens",2
"kubeflow",2
"lab",2
"labeling",2
"labor",2
"learn.what’s",2
"learner",2
"license",2
"lift",2
"lists",2
"logical",2
"looker",2
"loop",2
"loops",2
"loosely",2
"lot",2
"manages",2
"matplotlib",2
"mcmc",2
"meaning",2
"measurable",2
"medicine",2
"meetings",2
"mentioned",2
"mentor",2
"met",2
"metagenomics",2
"methodical",2
"michigan",2
"military",2
"minority",2
"mix",2
"mllib",2
"modelingmachine",2
"moderately",2
"modify",2
"month",2
"monthly",2
"motivation",2
"moving",2
"multidisciplinary",2
"myriad",2
"mysql",2
"named",2
"netflix",2
"networking",2
"newly",2
"nj",2
"normal",2
"northwest",2
"novato",2
"numerical",2
"numerous",2
"observational",2
"occasionally",2
"occupy",2
"offered",2
"offerings",2
"optimal",2
"options",2
"oregon",2
"organize",2
"original",2
"os",2
"outward",2
"oversee",2
"overview",2
"ownership",2
"owning",2
"pacific",2
"paradigm",2
"participating",2
"participation",2
"partnering",2
"partnership",2
"passionately",2
"passive",2
"patents",2
"paying",2
"payments",2
"pennsylvania",2
"performed",2
"perspective",2
"pet",2
"phone",2
"pinterest",2
"pioneering",2
"playing",2
"pleasant",2
"plotly",2
"pm",2
"pollution",2
"pool",2
"pools",2
"popcorn",2
"practice",2
"predict",2
"predictions",2
"premium",2
"pressure",2
"principle",2
"priority",2
"private",2
"probabilities",2
"probability",2
"procurement",2
"produce",2
"productive",2
"productivity",2
"profiling",2
"propensity",2
"properties",2
"property",2
"propose",2
"proposed",2
"proprietary",2
"protecting",2
"protection",2
"protocols",2
"puerto",2
"pyspark",2
"qualifications:phd",2
"qualificationsbig",2
"quant",2
"quantifiable",2
"quantities",2
"rate",2
"recharge",2
"recognizable",2
"recommendation",2
"redefining",2
"reducing",2
"references",2
"refine",2
"reimbursement",2
"reinventing",2
"relate",2
"relation",2
"remote",2
"renewable",2
"repositories",2
"representations",2
"requests",2
"researching",2
"resilient",2
"resolution",2
"resolving",2
"respect",2
"responsibility",2
"restaurants",2
"retailers",2
"rewarding",2
"rico",2
"roll",2
"root",2
"roots",2
"rules",2
"safely",2
"santa",2
"sba",2
"scalding",2
"scaled",2
"scenariosexperience",2
"scoping",2
"score",2
"scoring",2
"secondary",2
"secret",2
"seeks",2
"seeyourself",2
"segments",2
"selecting",2
"sell",2
"semantic",2
"sensor",2
"sentiment",2
"serves",2
"shares",2
"sharing",2
"shield",2
"sick",2
"signal",2
"signals",2
"signed",2
"significantly",2
"simply",2
"single",2
"siri's",2
"sit",2
"sized",2
"slack.com",2
"sleeves",2
"smarter",2
"sme's",2
"solutionsdemonstrated",2
"sparksql",2
"spatial",2
"specialized",2
"specification",2
"spectroscopic",2
"speech",2
"spin",2
"spirit",2
"sponsored",2
"sportradar",2
"spring",2
"springs",2
"sqlproficient",2
"sr",2
"staffing",2
"started",2
"station",2
"statistically",2
"stay",2
"strengthen",2
"studio",2
"style",2
"submitted",2
"substituted",2
"supported",2
"surrounded",2
"surveys",2
"survival",2
"sustainability",2
"svm",2
"tactical",2
"tagging",2
"tailor",2
"talks",2
"target",2
"targets",2
"teach",2
"teammates",2
"templates",2
"temporary",2
"tensor",2
"terminologyability",2
"terms",2
"textadditional",2
"that’s",2
"theoretical",2
"tier",2
"timeline",2
"tough",2
"traditional",2
"translates",2
"transparent",2
"transportation",2
"tuning",2
"types",2
"ultimate",2
"undergo",2
"undergradinternships",2
"understands",2
"unlimited",2
"usaa",2
"utilities",2
"utility",2
"utilize",2
"vague",2
"validated",2
"varying",2
"vba",2
"vendor",2
"verification",2
"versed",2
"video",2
"videos",2
"views",2
"visas",2
"visits",2
"volunteer",2
"weekly",2
"weka",2
"will:connect",2
"win",2
"wireless",2
"workers",2
"workload",2
"wrangling",2
"writers",2
"wwc",2
"www",2
"www.squarespace.com",2
"xgboost",2
"xpo",2
"you’d",2
"0",1
"01",1
"03",1
"1.5",1
"1008",1
"1041093",1
"125",1
"150",1
"16",1
"17b",1
"1945",1
"2.5",1
"20",1
"2020",1
"2066190108",1
"24,000",1
"26,000",1
"272",1
"275,000",1
"3.00",1
"3.8",1
"317",1
"320",1
"33051",1
"39",1
"39,000",1
"3g",1
"4g",1
"4x",1
"5,250",1
"50,000",1
"5573",1
"59",1
"6.7",1
"6067",1
"6084",1
"613",1
"6890",1
"700",1
"7200",1
"8170190308",1
"866",1
"95",1
"a.i",1
"aa",1
"aadditional",1
"abandon",1
"above.advanced",1
"abreast",1
"absolute",1
"abstract",1
"abstractly",1
"abundant",1
"academia",1
"accelerate",1
"accepting",1
"accessing",1
"accident",1
"accidental",1
"accomplish",1
"accomplished",1
"accountable",1
"accreditation",1
"accumulation",1
"achievement",1
"achievements",1
"achieving",1
"acting",1
"actions",1
"actionsability",1
"actual",1
"adaboost",1
"adaptive",1
"addressing",1
"administer",1
"administering",1
"administrationbusiness",1
"administrationrequisition",1
"administrative",1
"admitting",1
"adobe’s",1
"adsrequirements",1
"adtech",1
"advances",1
"advancing",1
"adventurous",1
"advocates",1
"advocating",1
"affiliated",1
"affiliates",1
"afford",1
"aficionados",1
"agendas",1
"agent",1
"agents",1
"aggregate",1
"aggregated",1
"aggregating",1
"agility",1
"agreements",1
"agriculture",1
"akio",1
"albuquerque",1
"alerting",1
"algorithms.other",1
"alienage",1
"align",1
"aligned",1
"alignment",1
"alignmentexperience",1
"allowance",1
"allowing",1
"alpharetta",1
"alternatively",1
"alteryxexperience",1
"alto",1
"amazon.com",1
"america",1
"americas:careers.northamerica",1
"ampl",1
"amusement",1
"anaheim",1
"analysing",1
"analysisexperience",1
"analyticsyou",1
"analyzie",1
"andover",1
"andreessen",1
"angeles",1
"angles",1
"annotate",1
"annotating",1
"annual",1
"anovas",1
"ansible",1
"answering",1
"anticipating",1
"anylogic",1
"apex",1
"api’s",1
"apj",1
"appending",1
"applicant",1
"applyassistance",1
"approachability",1
"approval",1
"approved",1
"architect",1
"archival",1
"are:manage",1
"are:you",1
"arizona",1
"arlington",1
"arms",1
"articulate",1
"artifact",1
"artifacts",1
"arts",1
"aruba",1
"aspect",1
"aspentech",1
"assault",1
"asset",1
"assignments.primary",1
"association's",1
"assortment",1
"atlantic",1
"attached",1
"attendance",1
"attractive",1
"attracts",1
"audiencecreative",1
"augment",1
"august",1
"austin",1
"author",1
"automates",1
"autonomously",1
"avenues",1
"averageabout",1
"award",1
"awards",1
"aways",1
"az",1
"b2b",1
"baby",1
"backend",1
"bacteria",1
"balance.what",1
"balancing",1
"banking",1
"bar",1
"barbie",1
"barriers",1
"bart",1
"baseball",1
"bases",1
"baskets",1
"baskets.com",1
"battelle",1
"bay",1
"bayes",1
"beam",1
"beaverton",1
"beginnings",1
"behaviour",1
"belief",1
"beliefs",1
"belonging",1
"belt",1
"benchmark",1
"benchmarks",1
"benefits:medical",1
"berman",1
"bethlehem",1
"bid",1
"bigdata",1
"bill",1
"biologists",1
"biomarkers",1
"biomedical",1
"bit",1
"black",1
"blending",1
"block",1
"blockers",1
"bloomington",1
"bloomnet",1
"blvd",1
"bo",1
"boarding",1
"boca",1
"bold",1
"boldly",1
"bonuses",1
"boot",1
"braze",1
"breadth",1
"breakfast",1
"breakroom",1
"bridge",1
"bridgewater",1
"bright",1
"brilliant",1
"brokers",1
"bsa",1
"buck",1
"buckle",1
"budd",1
"budget",1
"burning",1
"businesscoordinate",1
"businessespreferred",1
"cafeterias",1
"caffe",1
"calculated",1
"calendar",1
"calibrate",1
"calibrating",1
"calls",1
"caltrain",1
"cambia’s",1
"campus",1
"can’t",1
"canada",1
"canal",1
"capital",1
"capitalist",1
"captured",1
"carbon",1
"careers.apj",1
"careers.latinamerica",1
"caregiver",1
"caregivers",1
"carries",1
"cars",1
"cash",1
"cassandra",1
"casualty",1
"catalyze",1
"catastrophe",1
"catastrophic",1
"catch",1
"categories",1
"cd",1
"cdfm",1
"cdi",1
"cdi’s",1
"celebratory",1
"cellphone",1
"centralized",1
"century",1
"certificates",1
"certified",1
"chaid",1
"challenges.who",1
"champion",1
"chantilly",1
"characteristics.usa",1
"charge",1
"charitable",1
"chatbots",1
"chef",1
"chemometrics",1
"cheryl's",1
"chief",1
"childbirth",1
"childhood",1
"children",1
"children's",1
"chocolatesm",1
"choice",1
"chops",1
"chrome",1
"circle",1
"circleci",1
"circuits",1
"citizen",1
"citizens",1
"claims",1
"clara",1
"classical",1
"classifiers",1
"cleanse",1
"clearances",1
"clerical",1
"clicks",1
"clickstream",1
"climb",1
"closed",1
"clusters",1
"cntk",1
"coastal",1
"cohesive",1
"cohorts",1
"cold",1
"collaborates",1
"collaborations",1
"collected",1
"collecting",1
"collects",1
"colorful",1
"columbia",1
"combinations",1
"combined",1
"comet",1
"comfy",1
"commitments",1
"commonly",1
"communal",1
"communicationqualifications",1
"communitiesdeploy",1
"communitiesdevelop",1
"commuters",1
"companywide",1
"compare",1
"competing",1
"competition",1
"compile",1
"compiled",1
"completely",1
"complexities",1
"complied",1
"complying",1
"composed",1
"composition",1
"comprehensiveness",1
"comprised",1
"computations",1
"computingfoundation",1
"conceive",1
"concept",1
"conception",1
"conceptscapable",1
"conceptsexperience",1
"conceptsknowledge",1
"conceptualizing",1
"concrete",1
"concurrent",1
"conditions",1
"conference",1
"conferencescollaborates",1
"confidentially",1
"configurable",1
"configuration",1
"connectivity",1
"connects",1
"conscientious",1
"consent",1
"consideration:bachelor's",1
"consists",1
"constant",1
"constraints",1
"construct",1
"constructive",1
"consultation",1
"consultations",1
"consumption",1
"container",1
"containerize",1
"continuity",1
"contracting",1
"contractor",1
"contracts",1
"contradictions",1
"contributes",1
"contribution",1
"conveniences",1
"conversation",1
"conversational",1
"convex",1
"convey",1
"cool",1
"corenlp",1
"correct",1
"correctly",1
"correctness",1
"correlation",1
"costing",1
"couch",1
"counting",1
"couple",1
"coursera",1
"covers",1
"cr",1
"credentials",1
"credits",1
"crf",1
"crisis",1
"criteo's",1
"criteos",1
"crm",1
"crouch",1
"crucial",1
"crunch",1
"csa",1
"css",1
"cst",1
"ctakes",1
"ctr",1
"cubes",1
"cuda",1
"cultivator",1
"culver",1
"curating",1
"customerspreferred",1
"customize",1
"customized",1
"cybersecurity",1
"dare",1
"dataand",1
"dataassemble",1
"dataat",1
"databasesability",1
"datacenter",1
"datacollaborate",1
"datadevelop",1
"dataexperience",1
"dataiku's",1
"datalab",1
"dataproc",1
"dataset",1
"david",1
"dc",1
"death",1
"decide",1
"decompose",1
"decomposition",1
"décor",1
"deeper",1
"deepl",1
"defect",1
"delivered",1
"demonstrating",1
"demonstrations",1
"departmental",1
"departments",1
"dependable",1
"dependencies",1
"deployed",1
"deploys",1
"deriving",1
"descriptionkeysight",1
"designers",1
"designpac",1
"desired.johnson",1
"deskwork",1
"detailpassionate",1
"detecting",1
"deterioration",1
"detroit",1
"developer’s",1
"developmentanalyze",1
"devise",1
"devops",1
"dexcom.com.to",1
"diabetes",1
"diagnose",1
"diagrams",1
"dialogue",1
"didn’t",1
"dig",1
"digestible",1
"dignity",1
"dimension",1
"dining",1
"diploma",1
"dir",1
"directorate",1
"disability.if",1
"disabled",1
"disbursement",1
"discharge",1
"disciplineat",1
"disclose",1
"discount",1
"discoveries",1
"discovers",1
"discretionary",1
"discriminating",1
"discrimination",1
"discriminative",1
"discussing",1
"disease",1
"diseases",1
"dislike",1
"dismemberment",1
"disney",1
"display",1
"displays",1
"disposal",1
"disrupt",1
"disrupted",1
"distinguishing",1
"distribute",1
"diversified",1
"dives",1
"dl",1
"do:recommend",1
"do:train",1
"do:work",1
"dockerexperience",1
"documenting",1
"doing:become",1
"doing:developing",1
"dol",1
"dollar",1
"domain.comments",1
"domains",1
"doors",1
"dplyr",1
"dramatic",1
"drawing",1
"dreamers",1
"drift",1
"drink",1
"driver",1
"drivers",1
"drop",1
"dropoff",1
"dsnp",1
"dsp",1
"dublin",1
"earmarked",1
"ecc",1
"echo",1
"economy",1
"ed1",1
"educationpursuing",1
"eeoc",1
"eeopost.pdf",1
"effect",1
"efficacy",1
"eighteen",1
"el",1
"elasticsearch",1
"elevating",1
"elk",1
"embed",1
"embodied",1
"embraces",1
"embracing",1
"emea",1
"emergent",1
"empathetic",1
"emphasizes",1
"employee's",1
"employee:generous",1
"employers",1
"employs",1
"empowering",1
"enabling",1
"encourages",1
"endless",1
"enduring",1
"energized",1
"engages",1
"engineered",1
"engineeringexpert",1
"enhancements.skills",1
"enjoying",1
"enjoys",1
"enlighten",1
"ensemble",1
"ensembling",1
"enter",1
"entertain",1
"entertaining",1
"enthusiasm",1
"entities",1
"entity",1
"entrepreneur",1
"entrepreneurs",1
"envi",1
"environment.required",1
"environmentadvanced",1
"environmental",1
"environmentfamiliarity",1
"environments.desired",1
"eo",1
"epidemiology",1
"equally",1
"equifax",1
"equivalents.core",1
"error",1
"essence",1
"estate",1
"estimations",1
"etc.additional",1
"etc.identify",1
"etc.preferred",1
"ethnic",1
"evangelizing",1
"evening",1
"evolutionary",1
"exact",1
"exactness",1
"exams",1
"exchanges",1
"excite",1
"exhaustive",1
"expanded",1
"expense",1
"experience.an",1
"experience:current",1
"experiencebs",1
"experiencems",1
"experiencen",1
"experimentally",1
"experimenting",1
"expertise:computer",1
"expertly",1
"explanatory",1
"exploit",1
"exploring",1
"expose",1
"exposed",1
"express",1
"expressed",1
"expressions",1
"expressly",1
"expunged",1
"extend",1
"extension",1
"extraordinary",1
"facebook",1
"faceted",1
"facets",1
"facilitation",1
"facility",1
"factoring",1
"factorization",1
"fail",1
"familiarly",1
"farm's",1
"fascinating",1
"fcw",1
"federation",1
"feels",1
"females",1
"festivals",1
"field.graduating",1
"fieldat",1
"fieldexperience",1
"fieldskills",1
"figure",1
"figuring",1
"files",1
"fills",1
"film",1
"filter",1
"filtering",1
"final",1
"finalizing",1
"finely",1
"finger",1
"fingerprinting",1
"finishline.com",1
"firmly",1
"firms",1
"fiscal",1
"fish",1
"fisher",1
"fitness",1
"fitting",1
"fixer",1
"flaskfamiliarity",1
"flavors",1
"fleet",1
"floating",1
"florists",1
"flowhub",1
"flsa",1
"fluently",1
"flws",1
"focuses",1
"focusing",1
"footprint",1
"force",1
"formal",1
"format",1
"formation",1
"formed",1
"formulas",1
"formulate",1
"fortive.com",1
"fortive’s",1
"forums",1
"foster",1
"founded",1
"founding",1
"fpga",1
"fragmented",1
"franchise",1
"franchises",1
"freedom",1
"frequency",1
"fresh",1
"freshers",1
"fri",1
"frictionless",1
"front",1
"fruitbouquets.com",1
"fulfilling",1
"fullest",1
"function___________________________________________________________________________________",1
"functionsexperience",1
"fundraisers",1
"funds",1
"funnels",1
"furniture",1
"furry",1
"g.p.a",1
"galvanize",1
"gamingjobs",1
"gaps",1
"gauge",1
"gcp",1
"gcs",1
"gdal",1
"ge’s",1
"geared",1
"ged",1
"generalist",1
"generality",1
"generalize",1
"generalized",1
"generative",1
"genome",1
"genomes",1
"georgetown",1
"gf1",1
"giant",1
"gifting",1
"girl",1
"gis",1
"giving",1
"glucose",1
"golang",1
"gold",1
"googol",1
"gradinternships",1
"gradinternshipsminimum",1
"graduated",1
"graduating",1
"granted",1
"graphical",1
"graphs",1
"grasps",1
"gratitude",1
"greatly",1
"greylock",1
"grid",1
"groundbreaking",1
"grounded",1
"grown",1
"grows",1
"grubhub.com",1
"guarantee",1
"guaranteed",1
"guest",1
"gut",1
"gym",1
"hackathons",1
"hackday",1
"haired",1
"half",1
"hampshire",1
"handheld",1
"handicap",1
"handled",1
"happiness",1
"harry",1
"hasn’t",1
"have:experience",1
"have:ms",1
"head",1
"headquarters",1
"healthhealth",1
"healthier",1
"heard",1
"heart",1
"heights",1
"helped",1
"helps",1
"hesitate",1
"hewlett",1
"hierarchical",1
"highlight",1
"highlighting",1
"hill",1
"hills",1
"hires",1
"histograms",1
"history",1
"hlm",1
"hls",1
"hmm",1
"hobbies",1
"hold",1
"holiday",1
"homegrown",1
"homes",1
"honed",1
"honest",1
"honesty",1
"honor",1
"horn",1
"horowitz",1
"hospital",1
"hospitals",1
"hoursperweek",1
"houses",1
"hpe_careers",1
"hpecareers",1
"humility",1
"hundred",1
"hypothesizing",1
"idea",1
"ideation",1
"identified",1
"identifies",1
"il",1
"illustrated",1
"imaging",1
"immerses",1
"immersive",1
"immigrant",1
"impala",1
"implementations",1
"implemented",1
"import",1
"impressions",1
"improved",1
"imputation",1
"incident",1
"included",1
"incomplete",1
"incorporate",1
"incredibly",1
"incrementality",1
"indexing",1
"indicator",1
"individual's",1
"industrialization",1
"industryabout",1
"inefficient",1
"infancy",1
"influencing",1
"influential",1
"infoemd",1
"informationall",1
"informationqxbranch",1
"informationwhat",1
"informative",1
"ingested",1
"ingesting",1
"ingestion",1
"initiate",1
"initiating",1
"initiativesassess",1
"inject",1
"input",1
"inquiries",1
"inquiry",1
"inquisitive",1
"installation",1
"instantly",1
"instart’s",1
"instinct",1
"institute",1
"instrument",1
"int",1
"int1",1
"integrates",1
"integrating",1
"intelligencea",1
"intelligently",1
"intensive",1
"interdisciplinary",1
"intern’s",1
"internally",1
"internationally",1
"internet",1
"interpretations",1
"interpreted",1
"interventions",1
"interviewing",1
"intolerance",1
"intramural",1
"intrinsic",1
"invent",1
"inventive",1
"inventory",1
"invest",1
"investigated",1
"investigations",1
"investment",1
"investments",1
"investors",1
"invests",1
"invited",1
"inviting",1
"involvement",1
"ios",1
"iowa",1
"irvine",1
"isn’t",1
"issues.modeling",1
"it’d",1
"iteration",1
"iterative",1
"iteratively",1
"jake",1
"janssen",1
"january",1
"jenkins",1
"jira",1
"jobs",1
"jobs.mattel.com",1
"jobs.netflix.com",1
"jobs.pnnl.gov",1
"journeys",1
"js",1
"juan",1
"judgement",1
"jump",1
"june",1
"junior",1
"juxtaposition",1
"kaggle",1
"kaiser",1
"kernel",1
"kills",1
"kleiner",1
"kneel",1
"knock",1
"knowledgecoding",1
"kombucha",1
"kpis",1
"kpisexperience",1
"l'oréal",1
"laboratory",1
"lack",1
"land",1
"lapack",1
"laptop",1
"larger",1
"lasso",1
"launching",1
"law.locations",1
"laws.need",1
"layers",1
"lda",1
"le",1
"leap",1
"learningat",1
"learnings",1
"learns",1
"left",1
"levers",1
"lgbtq",1
"library",1
"libsvm",1
"licenses",1
"licensing",1
"lieu",1
"life's",1
"lifeatcheesecake",1
"lifestyle",1
"likes",1
"limitations",1
"lines",1
"lingpipe",1
"linguistics",1
"linking",1
"locally",1
"locals",1
"logging",1
"lookerml",1
"lookout",1
"los",1
"loss",1
"loveland",1
"loves",1
"low",1
"lowest",1
"loyalty",1
"lsi",1
"luxury",1
"macro",1
"magento",1
"magical",1
"magnitude",1
"maintains",1
"majoring",1
"majors:public",1
"makers",1
"mallet",1
"manager’s",1
"manipulates",1
"manual",1
"mapd",1
"maps",1
"marathon",1
"marathons",1
"march",1
"marking",1
"maryland",1
"massachusetts",1
"masters’s",1
"masterswell",1
"mastery",1
"material",1
"materially",1
"maternity",1
"matrix",1
"matrixed",1
"mattelcareers",1
"maturity",1
"maxent",1
"maximum",1
"mechanical",1
"medicare",1
"mediocrity",1
"mega",1
"membership",1
"memorial",1
"mentally",1
"mentors",1
"merit",1
"mesos",1
"messaging",1
"messy",1
"meta",1
"metadata",1
"metagenome",1
"method",1
"methodically",1
"methodsexpertise",1
"meticulous",1
"metis",1
"mexico",1
"microbiologyexperience",1
"microbiome",1
"microsoft's",1
"microstrategy",1
"mile",1
"mindstrong",1
"mindstrong's",1
"minimal:master’s",1
"minimizes",1
"miningstrong",1
"minutes",1
"mis",1
"misinterpretation",1
"missing",1
"modalities",1
"model’s",1
"modeling.expert",1
"modelsexcellent",1
"modelsprimary",1
"mon",1
"mon18",1
"monetization",1
"mongo",1
"montgomery",1
"month's",1
"moose",1
"morita",1
"morrisville",1
"motivate",1
"motivator",1
"movement",1
"moves",1
"mpi",1
"ms1",1
"msc",1
"multicultural",1
"multinational",1
"multitask",1
"munch",1
"mv1",1
"na",1
"napco",1
"narratives",1
"nasdaq",1
"nashua",1
"nationwide",1
"navigate",1
"navigating",1
"nb.com",1
"negotiation",1
"neuberger",1
"neurology",1
"neutral",1
"nexus",1
"nimble",1
"nj.responsibilities",1
"nmg",1
"noisy",1
"noneeo",1
"norm",1
"normalizing",1
"notebooks",1
"notes",1
"notice",1
"novi",1
"nuances",1
"nvivo",1
"nyse:eix",1
"nyse:ge",1
"oam",1
"objectives.you",1
"obligated",1
"obsess",1
"obtaining",1
"occasions",1
"ocr",1
"ofccp",1
"off’s",1
"offer:work",1
"offering",1
"offerup",1
"office:a",1
"officer",1
"offs",1
"ogr",1
"ohio",1
"on:gathering",1
"onlineaccommodations",1
"onsite",1
"oozie",1
"opencv",1
"opennlp",1
"operationalized",1
"opinions",1
"ops",1
"opt",1
"optimizationdata",1
"optimizes",1
"orally",1
"orchestrate",1
"organizationally",1
"orlando",1
"orthe",1
"oswego",1
"osx",1
"ou",1
"outbound",1
"outcome",1
"outlook",1
"outputs",1
"outward's",1
"overhead",1
"overlooking",1
"oversees",1
"oversight",1
"owl",1
"owned",1
"pace",1
"pack",1
"packard",1
"padas",1
"paired",1
"pal",1
"palo",1
"panoramic",1
"parameter",1
"pareto",1
"park",1
"parking",1
"parks",1
"parse",1
"parsimonious",1
"parsing",1
"participant",1
"participation.excellent",1
"partners.why",1
"partnerships",1
"passes",1
"passions",1
"passport",1
"patience",1
"payers",1
"pays",1
"pc",1
"pdf",1
"peer",1
"peoples",1
"pepsi",1
"perception",1
"perfection",1
"performances",1
"performers",1
"performs",1
"period",1
"periodcross",1
"periodic",1
"periods",1
"periscope",1
"perkins",1
"perks:competitive",1
"permanente",1
"permeates",1
"personable",1
"personalities",1
"persons",1
"persuasion",1
"ph",1
"phdat",1
"phds",1
"philadelphia",1
"philosophy",1
"phoenix",1
"php",1
"phylogenetics",1
"pick",1
"pickup",1
"picture",1
"pictures",1
"ping",1
"pinners",1
"pittsford",1
"plano",1
"platformat",1
"playbooks",1
"players",1
"playground",1
"plays",1
"pleasanton",1
"plots",1
"plus.prior",1
"plusexperience",1
"plusjob",1
"pm18",1
"pnnl",1
"pointsunderstanding",1
"polished",1
"pong",1
"pop",1
"popular",1
"population",1
"portions",1
"pos",1
"positioned",1
"posters",1
"posts",1
"posture",1
"powering",1
"practiced",1
"precedents",1
"prefer",1
"prefered",1
"preferences",1
"preferrably",1
"preferred:experience",1
"preferred:ph.d",1
"preferredability",1
"preferreddata",1
"prem",1
"premiums",1
"preparations",1
"prepared",1
"prepares",1
"preparing",1
"prescriptive",1
"press",1
"price",1
"pride",1
"primarily",1
"primarylocation",1
"principal",1
"print",1
"prioritise",1
"prioritization",1
"prioritized",1
"prioritizing",1
"pro",1
"proactive",1
"proactivedesired",1
"probabilistic",1
"probable",1
"productionize",1
"productionizing",1
"profile",1
"profiles",1
"profitably",1
"profits",1
"programideally",1
"programmingfamiliarity",1
"programprior",1
"progressive",1
"progressively",1
"prohibited",1
"prohibits",1
"project's",1
"projections",1
"promise",1
"promotes",1
"promotional",1
"prone",1
"proof",1
"propelled",1
"proposal",1
"proposals",1
"proposing",1
"proving",1
"ps1",1
"pub",1
"publish",1
"pulling",1
"pulse",1
"punctuality",1
"puppet",1
"purchases",1
"pure",1
"purple",1
"pursue",1
"pursuits",1
"push",1
"pushed",1
"python’s",1
"pythonmust",1
"qlik",1
"qualifications:master’s",1
"qualifications:you",1
"qualifications5",1
"qualificationsbachelor’s",1
"qualificationsexperience",1
"qualificationsqualifications",1
"qualificationswhat",1
"qualificationswho",1
"qualify",1
"qualities",1
"qualtrics",1
"quantify",1
"quantifying",1
"quarter",1
"question",1
"qxbranch",1
"radio",1
"raise",1
"rallies",1
"ramping",1
"ran",1
"rank",1
"raton",1
"rays",1
"rdbms",1
"reaching",1
"realistic",1
"realization",1
"reason",1
"reasoned",1
"reasons",1
"recall.qualifications",1
"received",1
"recently",1
"recognizes",1
"recommended",1
"recruiter",1
"recurring",1
"redwood",1
"referral",1
"referred",1
"refining",1
"reflect",1
"reflects",1
"refrains",1
"regence",1
"regional",1
"registered",1
"registrationn",1
"registrations",1
"regs",1
"regularly",1
"reinsurance",1
"relates",1
"relationship",1
"relative",1
"release",1
"releases",1
"relentlessly",1
"reliably",1
"reliant",1
"relocate",1
"relocated",1
"remaining",1
"reminders",1
"removed",1
"repository",1
"reprioritization",1
"reputation",1
"required.johnson",1
"requirements:aptitude",1
"requirements:bachelor’s",1
"requirements3",1
"requiring",1
"requisite",1
"requisition",1
"requisitions",1
"researcher",1
"reserve",1
"reserves",1
"reserving",1
"resides",1
"resonates",1
"resource",1
"responded",1
"responds",1
"responsibilities:mine",1
"responsibilities:perform",1
"responsive",1
"restful",1
"restricted",1
"resulting",1
"resultscommunicate",1
"retentive",1
"retiree",1
"return",1
"returning",1
"reusable",1
"reusable.preferred",1
"reveal",1
"revenues",1
"reviewed",1
"reviews",1
"revolutionize",1
"reward",1
"rewrite",1
"rf",1
"rich",1
"richardson",1
"ride",1
"riders",1
"rnn",1
"rnr",1
"robotics",1
"rochester",1
"rock",1
"rolled",1
"rolling",1
"rollout",1
"rooftop",1
"rooted",1
"rosa",1
"roseville",1
"rotation",1
"round",1
"routine",1
"routinely",1
"rows",1
"rqns",1
"rs",1
"rshiny",1
"rsmeans",1
"rstudio",1
"ruby",1
"runs",1
"rust",1
"s:currently",1
"s:extensive",1
"s:master’s",1
"s:pursuing",1
"s5",1
"sacramento",1
"safety",1
"salesforce",1
"salt",1
"sap's",1
"satisfactorily",1
"satisfied",1
"savviness",1
"scalablestrong",1
"scaleexperience",1
"scales",1
"scan",1
"scandidates",1
"scatter",1
"sce",1
"schaumburg",1
"scheduler",1
"scheduling",1
"schema",1
"sciencewhat",1
"scientifically",1
"scikitlearn",1
"scratching",1
"script",1
"scrubbing",1
"sdks",1
"seaborn",1
"sealed",1
"seamless",1
"searching",1
"seasonal",1
"seattle",1
"sectional",1
"sector",1
"secure",1
"sedentary",1
"seducation",1
"segmentationdevelop",1
"segmenting",1
"segundo",1
"sem",1
"sending",1
"sensing",1
"sequencing",1
"servers",1
"sessions",1
"settle",1
"sfarm",1
"sfull",1
"shell",1
"shot",1
"shove",1
"shower",1
"shutterfly’s",1
"sightlines",1
"sigma",1
"sign",1
"significance",1
"silicon",1
"simplify",1
"simulations",1
"simultaneous",1
"simultaneousl",1
"singular",1
"siri",1
"sisense",1
"sites",1
"sizes",1
"skillful",1
"skills.desired",1
"skills.eeo",1
"skills.excellent",1
"skills.proven",1
"skills:an",1
"skillsability",1
"skillsdevelops",1
"skillsets",1
"skillssuperior",1
"skype",1
"slq",1
"smartphone",1
"sme’s",1
"smile",1
"smiles",1
"sminimum",1
"snapchat",1
"sns",1
"socheesecake",1
"socials",1
"sociology",1
"softvision",1
"solicit",1
"solopreneurs",1
"solr",1
"solutions.demonstrated",1
"solutionsworking",1
"solves",1
"sony",1
"southern",1
"spacy",1
"spanning",1
"spans",1
"speak",1
"specialization",1
"specializations",1
"specializes",1
"specially",1
"specialty",1
"specifications",1
"spectroscopy",1
"spoken",1
"sponsor",1
"sponsoring",1
"sponsorship.southern",1
"sponsorship.to",1
"sqs",1
"squarespace's",1
"squarespace.com",1
"squareup.com",1
"ssas",1
"stabilizing",1
"staff's",1
"stage",1
"stages",1
"stakeholder",1
"stalking",1
"stand",1
"standalone",1
"standardize",1
"standardizing",1
"standing",1
"stanford",1
"staples’s",1
"stars",1
"starts",1
"statements",1
"statesorganization",1
"statisticians",1
"stats",1
"statsmodels",1
"staying",1
"steaks",1
"stechnical",1
"steps",1
"stereotypes",1
"stewards",1
"stewardship",1
"stimulating",1
"stipend",1
"stitching",1
"stochastic",1
"stoop",1
"storages",1
"store",1
"storyboards",1
"storycapacity",1
"storytelling",1
"strain",1
"strategiesdevelop",1
"strategists",1
"street",1
"strict",1
"strides",1
"strings",1
"studying",1
"stunning",1
"styling",1
"stylist",1
"submissions",1
"subscribe",1
"substantive",1
"suite",1
"summaries",1
"summarizing",1
"sunny",1
"super",1
"supervisory",1
"supplemental",1
"supplies",1
"surface",1
"surprising",1
"surroundings",1
"sutter",1
"switch",1
"switching",1
"swrve",1
"sycamore",1
"symbol",1
"synergy",1
"synthesis",1
"synthesizing",1
"synthetic",1
"syou",1
"tackle",1
"tackles",1
"tactfully",1
"tactically",1
"tactics",1
"takeaways",1
"tap",1
"task",1
"tax",1
"taxa",1
"taxonomy",1
"team's",1
"teammate",1
"teamsstrong",1
"techniquesrecommend",1
"technologically",1
"technology's",1
"technologyproven",1
"telemetry",1
"television",1
"telling",1
"tempe",1
"tend",1
"tennis",1
"terabyte",1
"teradataexcellent",1
"terminology",1
"terminologyworks",1
"terraform",1
"terrific",1
"testable",1
"tested",1
"therapeutics",1
"therapies",1
"they’re",1
"thinkers",1
"thomas",1
"thoughtful",1
"thrives",1
"thriving",1
"ticker",1
"timecompany",1
"tn",1
"tobacco",1
"today’s",1
"tokenization",1
"told",1
"tooling",1
"toolkit",1
"toolsets",1
"torch",1
"totaling",1
"touch",1
"touched",1
"touchscreen",1
"tournaments",1
"towers",1
"toyota",1
"toys",1
"tractable",1
"traded",1
"traditionally",1
"trainee",1
"transformational",1
"transformations",1
"transgender",1
"transit",1
"traveling",1
"treat",1
"treated",1
"treatments",1
"trend",1
"triggers",1
"troubleshoot",1
"trusting",1
"tuition",1
"turk",1
"twelve",1
"twenty",1
"twitter.com",1
"tx",1
"typical",1
"udacity",1
"unconventionally",1
"undergoing",1
"underling",1
"underrepresented",1
"understood",1
"undertaking",1
"unfamiliar",1
"unicorn",1
"uniquely",1
"universe",1
"universities",1
"unlock",1
"update",1
"upfront",1
"uplift",1
"upn",1
"usa",1
"utah",1
"utica",1
"utilizes",1
"valid",1
"valley",1
"vehicles",1
"velocity",1
"vendor.additional",1
"vendors",1
"venture",1
"venues",1
"versa",1
"versatility",1
"versus",1
"vet",1
"vice",1
"victim",1
"viewpoints",1
"village",1
"violence",1
"virginia",1
"visibility",1
"visitors",1
"visualizationfluency",1
"visualizationgeographical",1
"visually",1
"vital",1
"vlookup",1
"voiding",1
"volatility",1
"volunteering",1
"voscal",1
"wa",1
"walk",1
"walls",1
"walmartlabs",1
"warehouse",1
"warehouses",1
"warrant",1
"warranties",1
"waterfront",1
"waukeshage",1
"wealth",1
"websites",1
"weight",1
"weights",1
"welcomes",1
"westlake",1
"wework",1
"what’s",1
"wheels",1
"whilst",1
"widely",1
"wider",1
"wifi",1
"windows",1
"winebaum",1
"wing",1
"winning",1
"wire",1
"wisconsin",1
"wolferman's",1
"wonders",1
"wood",1
"workarounds",1
"workdays",1
"workflow",1
"workflows",1
"workinghoursend",1
"workinghoursstart",1
"workings",1
"workshops",1
"worth",1
"writtenability",1
"writtenproven",1
"www.cleanchoiceenergy.com",1
"www.dol.gov",1
"www.facebook.com",1
"www.fortive.com",1
"www.ge.com",1
"www.instagram.com",1
"www.modeanalytics.com",1
"www.redjack.com",1
"www.uscis.gov",1
"xgaxgetgp",1
"yards",1
"year's",1
"year.high",1
"yorkpreferred",1
"you’ve",1
"youa",1
"youtube",1
"zeppelin",1
"zeros",1
